,0
0,ልብ
1,ወለድ
2,ድርሰት
3,ውሀ
4,ጭምር
5,ዘበናይ
6,አዲስ
7,ድርሰት
8,ኦሮሞ
9,ልምድ
10,ሌላ
11,ያ
12,ፍትህ
13,መንግስት
14,መለስ
15,መንግስት
16,በረከት
17,በላይነህ
18,ደራሲ
19,እኔ
20,ዘመን
21,ምርጥ
22,ክቡር
23,እድል
24,ደህና
25,ልጅ
26,ዜና
27,ምርጫ
28,በጋ
29,ክረምት
30,ኢትዮጵያ
31,ውነተኛ
32,ብሄራዊ
33,አዙሪት
34,ሆማ
35,ቀኖ
36,አቋም
37,ብልጽግና
38,አራት
39,ድርጅት
40,ጋራ
41,ሀብት
42,ህግ
43,ሀሰተኛ
44,ድምጽ
45,አል
46,ሚዲያ
47,ሰአት
48,ቤት
49,አል
50,ምርጫ
51,ህዝብ
52,ባለ
53,እቅድ
54,ስብሰባ
55,አቋም
56,ብልጽግና
57,ፓርቲ
58,ጋራ
59,አመት
60,ግፍ
61,ቀድሞ
62,ኢትዮጵያ
63,አባል
64,ፍርድ
65,ቤት
66,ካሳ
67,ህግ
68,ኢትዮጵያዊ
69,አገር
70,ወራሪ
71,ዛሬ
72,ውስጥ
73,አገር
74,ሴት
75,ልጅ
76,ወንድም
77,ውጤት
78,አበባ
79,ሞባይል
80,መኪና
81,አዲ
82,ቤተሰብ
83,ማህበረሰብ
84,ሰዋሰው
85,ማህጸን
86,ፍሬ
87,ወርቁ
88,እርግጥ
89,ድምዳሜ
90,ቢሮ
91,አይን
92,ድምጽ
93,እኛ
94,ቀን
95,ጸጋዬ
96,ኦሮሚያ
97,ሶስት
98,ፓርቲ
99,ጥምር
100,መንግስት
101,ህዝብ
102,ፍቃድ
103,ፈገግታ
104,እናት
105,ያቺ
106,ቀን
107,አል
108,ግልጽ
109,ጥያቄ
110,አማራ
111,ሴት
112,አማራ
113,ኦሮሚያ
114,አንድ
115,ሰው
116,ቅሬታ
117,እምነት
118,ተቋም
119,ጥቃት
120,ሞራል
121,ውድቀት
122,አል
123,አማራ
124,ሞራል
125,ውድቀት
126,አማራ
127,ጠንካራ
128,ስራ
129,ህይወት
130,ምሳሌ
131,ተስፋ
132,መሪነት
133,ደሴት
134,አህመድ
135,አሊ
136,እኛ
137,ልጅ
138,ወላጅ
139,ነፍጠኛ
140,አስተሳሰብ
141,ነፍጠኛ
142,ግብ
143,ምን
144,ድንቅ
145,ትምህርት
146,አገልጋይ
147,ዮናታን
148,አክሊል
149,ሀዋሳ
150,ህዝባዊ
151,ስብሰባ
152,መሀሪ
153,ስም
154,ቫይረስ
155,ጤና
156,አለም
157,ጤና
158,ድርጅት
159,ዳይሬክተር
160,አድሀኖም
161,ቫይረስ
162,ደረጃ
163,ቻይና
164,ሀገር
165,ፍጥነት
166,አል
167,ትግራይ
168,ሀሳብ
169,መቃ
170,ትግራይ
171,ናስ
172,አንድነት
173,ምን
174,አንተ
175,ውሻ
176,ህይወት
177,ድንግል
178,አንድ
179,ወንድ
180,ንብ
181,ለም
182,ወንድ
183,ንብ
184,ድንግል
185,አንዴ
186,ስህተት
187,ይቅርታ
188,ወያኔ
189,ኢትዮጵያ
190,እውቀት
191,ኤርሚያስ
192,ማንነት
193,አንተ
194,ራስ
195,ራስ
196,ክልል
197,ግልጽ
198,አቋም
199,ሞጣ
200,ክልል
201,ሙስሊም
202,ከፋ
203,ጭቆና
204,ይቅርታ
205,ምን
206,ወለጋ
207,ሀገር
208,ግብ
209,ማን
210,ሀሬ
211,ዜጋ
212,ወንድ
213,ኦሮሞ
214,አባት
215,ግድ
216,ቦታ
217,በአል
218,ገበያ
219,ምርት
220,እጥረት
221,ዋጋ
222,ውድነት
223,ዘይት
224,ዱቄት
225,ጥረት
226,ድጎማ
227,ዘይት
228,ዱቄት
229,ብልጽግና
230,ፓርቲ
231,ህገወጥ
232,ፓርቲ
233,ብልጽግና
234,አዲ
235,ህገወጥ
236,ጥገኛ
237,ፓርቲ
238,አማራ
239,ክልል
240,መንግስት
241,በር
242,አባት
243,ፖለቲካ
244,አመራር
245,እድር
246,ማህበር
247,ሰሞን
248,አዲ
249,አበባ
250,ቤት
251,ጥያቄ
252,ቀድሞ
253,ካርታ
254,ካርታ
255,ከተማ
256,ከንቲባ
257,ትእዛዝ
258,ካርታ
259,ቦታ
260,ፍርሀት
261,ብዙ
262,ሞት
263,እጦት
264,ማን
265,ሞት
266,ገንዘብ
267,ንዋይ
268,አሰቃቂ
269,ቀን
270,እስዎ
271,ደስታ
272,ሰው
273,እጅ
274,ዘገምተኛ
275,ሞት
276,ክልል
277,ግንኙነት
278,ረቂቅ
279,አዋጅ
280,አንድ
281,ክልል
282,መንገድ
283,ቢሮ
284,ሚኒስቴር
285,ጎንደር
286,ከተማ
287,ምስራቅ
288,ጎጃም
289,ዞን
290,እውቅ
291,ዘንድሮ
292,ፒዛ
293,ወንድ
294,ዶሮ
295,ተአምር
296,ኢትዮጵያ
297,ተአምር
298,ኢትዮጵያ
299,ልቅ
300,አፍ
301,መሀል
302,ልዩነት
303,እንዳለ
304,ህክምና
305,አጼ
306,ሰራዊት
307,ኦሮሚያ
308,ልዩ
309,ፖሊስ
310,ወለጋ
311,ኦሮሞ
312,ኦሮሞ
313,ከፋ
314,አውሬነት
315,ለም
316,እባብ
317,በረት
318,እውነት
319,አለም
320,ውድ
321,ቦታ
322,ህንጻ
323,ክርስቶስ
324,ምን
325,ምን
326,ሰው
327,አእምሮ
328,ትህትና
329,ጥግ
330,ቴሌኮም
331,በጀት
332,አመት
333,እቅድ
334,ሁለት
335,ቀን
336,ስጦታ
337,ደምበኛ
338,አማራ
339,ገደል
340,ዘመን
341,ኢትዮጵያዊ
342,ኦሮሞ
343,መሪ
344,ውጥንቅጥ
345,ሀገር
346,አስመሳይ
347,በግ
348,ቢራ
349,ፍራሽ
350,አልታየ
351,ሊግ
352,ቁንጅና
353,ቅጥነት
354,ቁመት
355,ቁንጅና
356,ጥሩ
357,አማራ
358,ሆድ
359,ዲሞክራሲ
360,ነጻነት
361,ራስ
362,ሰው
363,ልጅ
364,ነገር
365,ምን
366,ደረጃ
367,ጊዜ
368,ሀገር
369,እኛ
370,ጊዜ
371,አለም
372,ኤድስ
373,ቀን
374,ህብረተሰብ
375,መሪ
376,ቃል
377,እነብሴ
378,ሳር
379,ምድር
380,ወረዳ
381,እሱ
382,ልዩነት
383,ችግር
384,ዛሬ
385,ጉዳይ
386,ሁለት
387,አመት
388,ፌዴራል
389,መንግስቱ
390,ብሄር
391,መንግስታዊ
392,መዋቅር
393,ሽብር
394,ሰአት
395,ጐን
396,እውነት
397,አንዳንድ
398,ደቂቃ
399,ምርጫ
400,ድል
401,ድል
402,ዲሞክራሲ
403,ድል
404,ኢትዮጵያ
405,እኔ
406,ፊት
407,ስም
408,አቢይ
409,ጠረጴዛ
410,ወላጅ
411,ይቅርታ
412,ፎቶ
413,ማናየ
414,ሀጢአት
415,ገዥ
416,ሀሳብ
417,ነቀዝ
418,አእምሮ
419,ብዙ
420,አቶ
421,ጌታ
422,ሀገር
423,ውጭ
424,ውስጥ
425,ረገድ
426,ውጤታማ
427,ስራ
428,ምስጋና
429,ሂደት
430,ሀገር
431,ባህል
432,ባህል
433,እንዳለ
434,ባህል
435,አል
436,ልብ
437,ፈረንጅ
438,እናት
439,አባት
440,ብዙ
441,ቸሩ
442,ወርሀዊ
443,አል
444,ሰላም
445,ቸሩ
446,ልብ
447,ሀገር
448,ሰላም
449,ፍቅር
450,አንድነት
451,እለት
452,እውነት
453,አብይ
454,ቀጭን
455,ትእዛዝ
456,ምክር
457,ቤት
458,ዘመቻ
459,እነማን
460,የት
461,ምሁር
462,አባት
463,በር
464,በጭራሽ
465,ጅብ
466,ቆዳ
467,ክራር
468,ቅኝት
469,መሪ
470,ወንጀለኛ
471,ህዝብ
472,ጊዜ
473,ፍርድ
474,ጊዜ
475,ጎሳ
476,ክልል
477,ቫይረስ
478,ዱር
479,እንስሳነት
480,ደረጃ
481,ነቀርሳ
482,ናንት
483,ንቁ
484,መልእክተኛ
485,አል
486,ህይወት
487,ጎዳና
488,እኛ
489,ደስተኛ
490,ደንበኛ
491,ልብ
492,ቤተሰብ
493,ቤተሰብ
494,ቤተሰብ
495,ዘመን
496,ቤተሰብ
497,አማርኛ
498,ፖሊስ
499,ግለሰብ
500,መቀሌ
501,ከተማ
502,አዲ
503,ልጅ
504,ስምምነት
505,ዝርዝር
506,ኢትዮጵያ
507,ዘላቂ
508,ጥቅም
509,ጐዳ
510,ምን
511,አይነት
512,ስምምነት
513,ጫና
514,ስምምነት
515,ተቀባይነት
516,አህያ
517,ኢትዮጵያዊ
518,ህዝብ
519,መጥፎ
520,ጤንነት
521,ወደብ
522,ፍቅር
523,ሀይል
524,ኢትዮጵያዊ
525,አባት
526,ፈቃድ
527,ማርያ
528,እንግዳ
529,እግዚአብሄር
530,ንጹህ
531,ድንግልና
532,እንስሳ
533,በረት
534,ንግስ
535,እጅ
536,እናት
537,ጡት
538,ምግብ
539,ህጻን
540,ውል
541,ጊዜ
542,ጅል
543,ወላይታ
544,ሶዶ
545,ቀን
546,ጉባኤ
547,ምሽት
548,መልክ
549,ድንቅ
550,ውበት
551,ደስታ
552,ገና
553,በአል
554,መልካ
555,ምኞት
556,አዲ
557,ሞባይል
558,ካርድ
559,እስዎ
560,ደንበኛ
561,ሂሳብ
562,ጽሁፍ
563,መልእክት
564,ያሬድ
565,ሙከራ
566,እድል
567,አይነት
568,ዲቃላ
569,ንግግር
570,ማን
571,ኢትዮጵያ
572,ህልውና
573,ትውልድ
574,እጅ
575,ትውልድ
576,ዘር
577,ቋንቋ
578,ሀይማኖት
579,ክቡር
580,ሚኒስቴር
581,ሀገር
582,ኢትዮጵያ
583,ኢኮኖሚ
584,አሉታዊ
585,ተጽእኖ
586,ለአለም
587,ጊዜ
588,እውነቱ
589,ቅኝት
590,አመት
591,ግብር
592,ህይወት
593,ማረሻ
594,ዶማ
595,በሬ
596,ፍጥነት
597,አመት
598,ጊዜ
599,ከተማ
600,ነዋሪ
601,ውድነት
602,ትእግስት
603,ዘፈን
604,ጸሀይ
605,ኩራዝ
606,አማርኛ
607,ፖለቲከኛ
608,መንግስት
609,ቃል
610,አቶ
611,ንጉስ
612,ጥላሁን
613,ስር
614,ፍቃደ
615,ህዝብ
616,ወንጀል
617,ዜጋ
618,ውሸት
619,አጀንዳ
620,አብርሀ
621,አልበም
622,ምስግ
623,ምስክር
624,ሀገር
625,በቀል
626,እውቀት
627,ተመራማሪ
628,ገላ
629,መጽሀፍ
630,ሀሳብ
631,ውይይት
632,ጾም
633,ፍትፍት
634,ፍትወት
635,ተስፍ
636,አባ
637,ትርጉም
638,መስመር
639,ፓርቲ
640,ህጋዊ
641,ፍቃድ
642,ውጭ
643,ዜጋ
644,አባል
645,መንግስቱ
646,ፓርቲ
647,መስተፋቅር
648,ዋጋ
649,ልደት
650,ሰሞን
651,ዜማ
652,መዝሙር
653,ዮሴፍ
654,ሰሎሜ
655,ኢየሩሳሌም
656,ኢየሩሳሌም
657,ኢየሩሳሌም
658,አምላክ
659,ኦሮሞ
660,አምቦ
661,ልዩ
662,ጥቅም
663,ፍጹም
664,ኦቦ
665,ዳውድ
666,ኢብሳ
667,መንግስት
668,ተግባር
669,ዜጋ
670,ደህንነት
671,አስቸኳይ
672,ቃል
673,ቀድሞ
674,አባት
675,ዘመን
676,ፊት
677,ጴጥሮስ
678,ማ
679,መገርሳ
680,ትናንት
681,ስራ
682,አገር
683,መስመር
684,ከተራ
685,ተራ
686,አልበም
687,ደረጃ
688,አቦነሽ
689,ስራ
690,ጉራጌ
691,ደሳለኝ
692,ስራ
693,ስራ
694,ኦሮሞ
695,የዋህ
696,አመት
697,አይነት
698,ቃል
699,ተግባር
700,ሀሳብ
701,ስልጣን
702,ኢትዮጵያ
703,ልሙጥ
704,ራስ
705,መንግስት
706,አራት
707,ኪሎ
708,ዘረኛ
709,ስብስብ
710,ስልጣን
711,እድሜ
712,ጥቂት
713,ህገወጥ
714,ቡድን
715,ስልጣን
716,አሁን
717,ደንብ
718,ፖለቲካ
719,መሀል
720,አገር
721,ትግራይ
722,ፍቅር
723,ልዩ
724,እውነት
725,ቀን
726,ኑሮ
727,ሰላም
728,ቀውስ
729,ትግራይ
730,ቀና
731,ፍቅር
732,አብሽር
733,ትንሽ
734,ጨዋታ
735,ሽብር
736,ተግባር
737,ክልል
738,ይፋ
739,ተግባር
740,ሽብርተኛ
741,ከለላ
742,ከተማ
743,ሙስሊም
744,ታሪክ
745,ሰው
746,እስልምና
747,ኢትዮጵያ
748,ንጉስ
749,አሁን
750,አዲ
751,እምነት
752,ሰአት
753,ሰሞን
754,አውስትራልያ
755,ጥቅጥቅ
756,ደን
757,ዝናብ
758,ሌላ
759,አዲ
760,ሙስና
761,አነስተኛ
762,ገንዘብ
763,መሬት
764,ህይወት
765,ነገር
766,ሀገር
767,ጉዳይ
768,መሬት
769,ጥንት
770,ላቲን
771,እኔ
772,ያህ
773,ባእድ
774,ቋንቋ
775,ባእድ
776,ሀገር
777,ራስ
778,ቋንቋ
779,ልክ
780,አባ
781,ተስፋስላሴ
782,ሞገስ
783,ተራ
784,ትርጉም
785,ሌላ
786,ምሁር
787,እኩል
788,ፍትህ
789,ኦሮሞ
790,እስር
791,ቤት
792,ታሪክ
793,ሰው
794,አይነት
795,ህሊና
796,ብር
797,ስሜት
798,ልብ
799,አማራ
800,ዩኒቨርስቲ
801,ጥሩ
802,እሱ
803,ፖለቲካ
804,ከባድ
805,ሚዛን
806,መስፈርት
807,ቦታ
808,ብቁነት
809,ምን
810,በጎ
811,ፈቃድ
812,ደደብ
813,ኢትዮጵያ
814,መሪ
815,ባእድ
816,ሀገር
817,ቋንቋ
818,ግድ
819,ቀና
820,ቋንቋ
821,ባሪያ
822,መንግስታዊ
823,ወገን
824,ፖለቲካዊ
825,ጨዋታ
826,ህይወት
827,አቶ
828,ንጉስ
829,ጥላሁን
830,አማራ
831,እቃ
832,አሁን
833,ለም
834,አማርኛ
835,አሁን
836,ኢትዮጵያ
837,ሰብአዊ
838,መብት
839,ኮሚሽን
840,ኮሚሽነር
841,ዶክተር
842,ዳንኤል
843,ግልጽ
844,ማብራሪያ
845,አዋሽ
846,ባንክ
847,ድንገተኛ
848,ጠቅላላ
849,ጉባኤ
850,ህዳር
851,አዲ
852,አበባ
853,ሆቴል
854,ጨለማ
855,ጨረቃ
856,ሌሊት
857,ልጅ
858,ጨለማ
859,ጌታ
860,ጥልቅ
861,ማስታወሻ
862,ስቃይ
863,ምርጥ
864,አሁን
865,ቅስቀሳ
866,አል
867,ውይይት
868,ንግግር
869,ህዝብ
870,ዘመቻ
871,ምርጫ
872,ችግር
873,ምሳሌ
874,ዛሬ
875,ሙስሊም
876,ፖለቲካ
877,ጩኸት
878,ወንጀል
879,ጩኸት
880,መላ
881,ፍጡር
882,ጩኸት
883,ፍትህ
884,ህግ
885,ክልል
886,ደረጃ
887,ይፋ
888,ማንነት
889,ልብ
890,ሀዘን
891,ቅሬታ
892,ንዴት
893,ሞጣ
894,ሙስሊም
895,ክርስቲያን
896,አማራ
897,አማራ
898,ክልል
899,እስልምና
900,ጉዳይ
901,ምክር
902,ቤት
903,ሰብሳቢ
904,ሰይድ
905,እንድሪስ
906,አማራ
907,ብርሀን
908,ጠላ
909,ፉክክር
910,ምርጫ
911,ስልጣን
912,ውነተኛ
913,ልዩነት
914,ኢትዮጵያ
915,ከፍተኛ
916,ሊግ
917,ጨዋታ
918,ውጤት
919,አዲ
920,አበባ
921,ከተማ
922,ኢትዮጵያ
923,ብሄራዊ
924,ምርጫ
925,ቦርድ
926,አመራር
927,ዛሬ
928,ምላሽ
929,ቅስቀሳ
930,ፓርቲ
931,ቦርድ
932,አጃ
933,ዘመን
934,አሁን
935,አምላክ
936,እኛ
937,መድረክ
938,አፋር
939,ወንድ
940,እህት
941,ዛሬ
942,ዘመናዊ
943,መንደር
944,ግንባታ
945,መሀል
946,አዲ
947,አበባ
948,ጎተራ
949,ልጅ
950,አንተ
951,ምንጭ
952,ምድር
953,አዳም
954,እሱ
955,ፊት
956,ማን
957,እርግጠኛ
958,ጥቅስ
959,አዲ
960,አድማስ
961,ጋዜጣ
962,ዛሬ
963,አመት
964,ጥሩ
965,ቢራ
966,ታክሲ
967,ላሊበላ
968,እንግዳ
969,ቱሪስት
970,ክርስቶስ
971,እምር
972,ቡና
973,ሽማግሌ
974,የት
975,ጡረታ
976,ወንድም
977,ስድብ
978,ድክመት
979,ሰው
980,እሱ
981,ዋጋ
982,ሌላ
983,ሀሳብ
984,ፎቶ
985,ምክንያት
986,ግእዝ
987,ቋንቋ
988,ሰፊ
989,እድል
990,መላ
991,ክርስቶስ
992,ልደት
993,አል
994,ሰላም
995,ዱላ
996,ጥይት
997,እኛ
998,እውነት
999,ሀይማኖት
1000,አምላክ
1001,ወሎ
1002,ቆንጆ
1003,ጥሩ
1004,መልእክት
1005,ብዙ
1006,ቋንቋ
1007,ቋጥኝ
1008,መልእክት
1009,ሚስት
1010,ልብ
1011,አመት
1012,ህጻን
1013,እጅ
1014,ብር
1015,ቤተሰብ
1016,ገንዘብ
1017,ሰው
1018,ህይወት
1019,ፖለቲካ
1020,ድርጅት
1021,ፍትህ
1022,ፍትህ
1023,ምስኪን
1024,የዋህ
1025,አማኝ
1026,ፖለቲከኛ
1027,ነጻነት
1028,አብ
1029,ሀላፊ
1030,አቶ
1031,ካሳ
1032,ልጅ
1033,ምኒልክ
1034,ደብዳቤ
1035,ትግራይ
1036,ትግሬ
1037,ብሄር
1038,ዜና
1039,አረር
1040,ብዙ
1041,አሰልጣኝ
1042,ዘላለም
1043,ሽፈራው
1044,ቡድን
1045,ጅማ
1046,አባ
1047,ቡና
1048,ብሄራዊ
1049,ሊግ
1050,ቡድን
1051,ትግራይ
1052,ፓርቲ
1053,ኦሮሚያ
1054,ጋዲሳ
1055,ትግራይ
1056,ክልል
1057,ፓርቲ
1058,እርምጃ
1059,መልካ
1060,አይነት
1061,በሬ
1062,ህጻን
1063,ተገቢ
1064,ሞያ
1065,ሰብአዊ
1066,መብት
1067,ፖለቲካ
1068,ስራ
1069,መተግበር
1070,ጥያቄ
1071,ዙሪያ
1072,ውይይት
1073,በገና
1074,ፍቅር
1075,ጦርነት
1076,ጊዜ
1077,ኢትዮጵያዊ
1078,እኛ
1079,ወገን
1080,ቦታ
1081,ቅጠል
1082,እናንተ
1083,ሄኖክ
1084,ሁሉ
1085,ሁሉ
1086,ህዝብ
1087,እናት
1088,ሀገር
1089,ሰላም
1090,መለስ
1091,አማኑኤል
1092,መልካ
1093,ፍቃድ
1094,ምን
1095,ሙያዊ
1096,መንጋ
1097,እረኛ
1098,ነገር
1099,ማእረግ
1100,ከባድ
1101,አገር
1102,በሬ
1103,እኔ
1104,ከፋ
1105,በደል
1106,ሳር
1107,ወንበር
1108,እጅ
1109,ወገብ
1110,ፊደል
1111,መላ
1112,ኢትዮጵያ
1113,ክርስቲያን
1114,ገና
1115,አል
1116,ብልጽግና
1117,አል
1118,አማራ
1119,ልክ
1120,ኢትዮጵያ
1121,ፕሪሚየር
1122,ሊግ
1123,ልፊያ
1124,አንዳንድ
1125,አሰልጣኝ
1126,ሬዲዮ
1127,ሚዲያ
1128,አሳፋሪ
1129,ጨዋታ
1130,አዋቂ
1131,ልጅ
1132,ሞት
1133,አፋር
1134,ወሎ
1135,ክልል
1136,ፈለግ
1137,መብት
1138,ኮምቦልቻ
1139,አፋር
1140,እንዳለ
1141,ድርጊት
1142,ስርአት
1143,መልካ
1144,ልደት
1145,አል
1146,ኢሳያስ
1147,እስራኤል
1148,ወንጀል
1149,ፍርድ
1150,ቤት
1151,ሀገር
1152,እምነት
1153,ሰው
1154,መንገድ
1155,እስራኤል
1156,ሀሳብ
1157,ነጋ
1158,አብይ
1159,አህመድ
1160,አገር
1161,ራስ
1162,ሀሳብ
1163,ጥላቻ
1164,ጊዜ
1165,ሰው
1166,ጥሩ
1167,ችግር
1168,እቃ
1169,ጥላቻ
1170,እልክ
1171,በሽታ
1172,ሀሰት
1173,ተስፋ
1174,እውነተኛ
1175,ርኩስ
1176,ራስ
1177,ደብተራ
1178,ወይን
1179,ወገን
1180,መኪና
1181,አደጋ
1182,እግዚአብሄር
1183,ጊዜ
1184,መብት
1185,መሪ
1186,ብርሀን
1187,ነጋ
1188,ፕሮፌሰር
1189,ከባድ
1190,ሴራ
1191,ቍጥር
1192,ተቃራኒ
1193,ቡድን
1194,አማራ
1195,ደም
1196,ጨዋታ
1197,ሳምንት
1198,ፊት
1199,አማራ
1200,አብይ
1201,ባሪያ
1202,አቶ
1203,አል
1204,ዛሬ
1205,ኦሮሚያ
1206,መንግስት
1207,አል
1208,ዛሬ
1209,ገንገበት
1210,ንጉስ
1211,እህተ
1212,ዘይት
1213,መልእክት
1214,ደሀ
1215,ደንታ
1216,ቢስ
1217,እድገት
1218,ቀጣይ
1219,መንግስት
1220,ሀላፊ
1221,መብት
1222,አፋጣኝ
1223,እርምጃ
1224,ተገቢ
1225,ዜና
1226,ኮፒ
1227,ሙያ
1228,ነውር
1229,እኔ
1230,እውነት
1231,እስር
1232,አደራ
1233,ምክር
1234,አክራሪ
1235,ፖለቲካ
1236,ሞጣ
1237,ግልጽ
1238,ጥቃት
1239,መከራ
1240,ቅድሚያ
1241,ዲሞክራሲ
1242,ሚዲያ
1243,ፍትህ
1244,እኩል
1245,ተጠቃሚነት
1246,ሚና
1247,ህብረተሰብ
1248,ችግር
1249,ጐላ
1250,እውነት
1251,ልክ
1252,ሂሳብ
1253,ብርሀን
1254,ባንክ
1255,ስምምነት
1256,መንግስት
1257,ባንክ
1258,ጤናማ
1259,ውድድር
1260,እንግዳ
1261,ስምምነት
1262,ወንዳገረድ
1263,አቶ
1264,ንጉስ
1265,አሁን
1266,አይነት
1267,ጥሩ
1268,ንግግር
1269,ፈጣሪ
1270,መዥገር
1271,ምን
1272,መልክ
1273,አማራ
1274,ኢትዮጵያ
1275,ፖለቲካ
1276,ሴራ
1277,ፖለቲካ
1278,ብዙ
1279,ዋጋ
1280,ጥያቄ
1281,ጓሮ
1282,ጉዳይ
1283,ጅቡቲ
1284,ነውረኛ
1285,ወጠጤ
1286,ብድር
1287,ሸጋ
1288,ዘመድ
1289,እቃ
1290,ሁሉ
1291,ኮፒ
1292,ትርጉም
1293,ስድብ
1294,አብ
1295,መካከለኛ
1296,ምስራቅ
1297,ጉብኝት
1298,መንግስት
1299,ይሁንታ
1300,እግዚአብሄር
1301,ተስፋ
1302,መልካ
1303,ጐዳ
1304,ሀዘን
1305,ጊዜ
1306,ቁስል
1307,ደም
1308,አይን
1309,ምሳሌ
1310,ጉዳይ
1311,ሚኒስቴር
1312,ጽህፈት
1313,ቤት
1314,ዛሬ
1315,ሰአት
1316,ሳይንስ
1317,ከፍተኛ
1318,ትምህርት
1319,ሚኒስቴር
1320,ሳሙኤል
1321,ክፍል
1322,አዲ
1323,ማለዳ
1324,ሀገር
1325,ጥሩ
1326,ክፍተት
1327,እድገት
1328,ምንጭ
1329,ምሳሌ
1330,ብድር
1331,ምጣኔ
1332,ልክ
1333,ሰላም
1334,ሽልማት
1335,ብልጽግና
1336,ኦሮሞ
1337,አሜሪካ
1338,ሽልማት
1339,አል
1340,አል
1341,ሰላም
1342,ፍቅር
1343,አጠቃላይ
1344,ቢሊዮን
1345,ብር
1346,ባእድ
1347,ቅቤ
1348,ምርት
1349,ኢትዮጵያ
1350,ምግብ
1351,መድሀኒት
1352,ቁጥጥር
1353,ባለስልጣን
1354,ስራ
1355,ከንቱ
1356,አመት
1357,አል
1358,ደስታ
1359,ፍቅር
1360,ቀን
1361,ምክንያት
1362,ቤተሰብ
1363,ክብር
1364,ነጋ
1365,ሰአት
1366,ምርጫ
1367,ህክምና
1368,መቼ
1369,ትርጉም
1370,ሰው
1371,ልጅ
1372,መልካም
1373,ተስፋ
1374,ተስፋ
1375,አቅጣጫ
1376,ጠፍ
1377,ትክክለኛ
1378,አቅጣጫ
1379,ብርታት
1380,እውቀት
1381,ሌላ
1382,እውቀት
1383,ሀገር
1384,መሪ
1385,እናት
1386,ሰላም
1387,ዋና
1388,ውነተኛ
1389,ህዝብ
1390,ልጅ
1391,ዛሬ
1392,ልጅ
1393,መና
1394,ቀን
1395,ሩቅ
1396,ብልጽግና
1397,ፓርቲ
1398,መስመር
1399,ልዩነት
1400,ምክንያት
1401,ድርጅታዊ
1402,ጉባኤ
1403,ጉባኤ
1404,ነጥብ
1405,አቋም
1406,ሀገር
1407,ወግ
1408,ሀገር
1409,አዲ
1410,ለም
1411,አዲ
1412,አሁን
1413,ሹመት
1414,መቃብር
1415,አሁን
1416,ምርጫ
1417,እስር
1418,አሁን
1419,ሀሳብ
1420,ነፍጠኛ
1421,ማን
1422,እጅ
1423,መዘዝ
1424,ብዙ
1425,እርምጃ
1426,ዜና
1427,ኮፒ
1428,ሙያ
1429,ነውር
1430,እኔ
1431,ቴሌግራም
1432,ኮፒ
1433,ሞጣ
1434,ሙስሊም
1435,ግፍ
1436,ቦታ
1437,ማን
1438,ሁሉ
1439,ሀላፊነት
1440,አለነ
1441,ተቃራኒ
1442,ላሊበላ
1443,ነጋ
1444,ዛሬ
1445,ጥሩ
1446,ጎረቤት
1447,ራስ
1448,ብልጽግና
1449,ሰው
1450,ልጅ
1451,መልክ
1452,ቀለም
1453,ፈገግታ
1454,ደስታ
1455,ሰው
1456,መልክ
1457,አውሬ
1458,ምን
1459,ህጻን
1460,ተቃዋሚ
1461,ዘረኛ
1462,ቀን
1463,ማንኛውም
1464,ደቂቃ
1465,ደም
1466,ደም
1467,አፈር
1468,ቤት
1469,ንጹሀን
1470,አማኝ
1471,ደም
1472,ሞት
1473,ህይወት
1474,ሪፖርት
1475,ቡና
1476,ሽንፈት
1477,ድል
1478,ደግ
1479,ጓያ
1480,ፕሮፌሰር
1481,ጴጥሮስ
1482,ሀብት
1483,ብልጽግና
1484,መሪ
1485,ቃል
1486,ዘንድሮ
1487,እንቅስቃሴ
1488,ይፋ
1489,ችግር
1490,ይቺ
1491,አገር
1492,አመት
1493,ደም
1494,ገና
1495,በርበሬ
1496,ሚጥሚጣ
1497,ቁርጥ
1498,ክትፎ
1499,ጥብስ
1500,ቅቅል
1501,ወጥ
1502,ዶሮ
1503,ቁምነገር
1504,ድጎማ
1505,ቤት
1506,ክበብ
1507,አሁን
1508,ሰአት
1509,ምግብ
1510,ዋጋ
1511,ደህና
1512,አብዛኛ
1513,ዜጋ
1514,ኪስ
1515,መንግስት
1516,ድጎማ
1517,ምግብ
1518,ቤት
1519,ጓደኛ
1520,በግ
1521,ምሳ
1522,እቃ
1523,ትምህርት
1524,ቤት
1525,አማርኛ
1526,ፖለቲከኛ
1527,እኔ
1528,ዛሬ
1529,ሰሞን
1530,ውሳኔ
1531,ህዝብ
1532,ምርጫ
1533,ውጤት
1534,ፊት
1535,ታህሳስ
1536,ህዝባዊ
1537,ስብሰባ
1538,ቅስቀሳ
1539,ወረዳ
1540,አሜሪካ
1541,ትናንት
1542,ቃሲም
1543,ቴህራን
1544,ከተማ
1545,ወንድም
1546,አሜሪካ
1547,አውሮፓ
1548,ውድ
1549,ዛሬ
1550,እግዚአብሄር
1551,ቀጣይ
1552,ጉዳይ
1553,እሸት
1554,ህዝብ
1555,ልብ
1556,ተስፋ
1557,ወለጋ
1558,ምሁር
1559,ማህጸን
1560,ወለጋ
1561,ኦሮሞ
1562,ጥበብ
1563,ቋት
1564,ወለጋ
1565,መኮ
1566,ኦዳ
1567,ታሪክ
1568,ከርስ
1569,ወለጋ
1570,አብዲሳ
1571,አጋ
1572,ጀግንነት
1573,ወለጋ
1574,መንፈስ
1575,እስትንፋስ
1576,ወለጋ
1577,ነበልባል
1578,ወላፈን
1579,ማ
1580,ትንሽ
1581,እድል
1582,ከዳ
1583,ክብር
1584,አንገት
1585,ብልጽግና
1586,ምርጫ
1587,ስም
1588,ወግ
1589,እምር
1590,ዜና
1591,አሜሪካ
1592,ችግር
1593,ዙሪያ
1594,ሰላም
1595,ይህ
1596,ሁለት
1597,ጎራ
1598,ማእቀብ
1599,ወልዲያ
1600,ዩኒቨርስቲ
1601,ጥበቃ
1602,ቱሪዝም
1603,ትምህርት
1604,ዘርፍ
1605,አማርኛ
1606,መንግስት
1607,ቀድሞ
1608,ልጅ
1609,ንብረት
1610,ቁጥጥር
1611,ዘጸአት
1612,ስፍራ
1613,ፊት
1614,ጥንቃቄ
1615,ልብ
1616,ድምጥ
1617,ስሜ
1618,እሱ
1619,አመጽ
1620,ምርት
1621,ቁጥጥር
1622,እግዚአብሄር
1623,ፍቅር
1624,ምስኪን
1625,መንግስት
1626,ይቅርታ
1627,ራስ
1628,ከባድ
1629,ነገር
1630,ሀገር
1631,ሰላም
1632,እኛ
1633,ህዝብ
1634,ኑሮ
1635,ደረጃ
1636,ምርጫ
1637,ብልጽግና
1638,እኛ
1639,ክፍያ
1640,ካሜራ
1641,ጥቃት
1642,ሙስሊም
1643,እኔ
1644,እሱ
1645,ሞጣ
1646,ጐዳ
1647,ሌላ
1648,ሰው
1649,መልእክት
1650,በጎ
1651,ስራ
1652,ተሳታፊ
1653,ዘመቻ
1654,አስተዋጽኦ
1655,ድርሻ
1656,ጭራሽ
1657,አንቀጽ
1658,ቄስ
1659,ቅዳሴ
1660,የትኛው
1661,ቃሉ
1662,መድሀኒት
1663,ደግ
1664,ውድ
1665,መሪ
1666,ዶክተር
1667,አንተ
1668,ብዙ
1669,ኢትዮጵያዊ
1670,ብዙ
1671,አንተ
1672,መልካ
1673,ጐን
1674,ዋነኛ
1675,ዴሞክራሲያ
1676,እሴት
1677,ህግ
1678,ጥቅም
1679,መንግስት
1680,ዲሞክራሲ
1681,ደንብ
1682,ሀሳብ
1683,ነጻነት
1684,መንግስት
1685,ብልጽግና
1686,መሀል
1687,ብሄር
1688,ፈረስ
1689,እናንተ
1690,ብሄር
1691,ምን
1692,ህጋዊ
1693,ገጽ
1694,መንግስት
1695,ታህሳስ
1696,ባህል
1697,ቱሪዝም
1698,ሚኒስቴር
1699,ሀገር
1700,ስፍራ
1701,ዋጋ
1702,ተመን
1703,ወጥ
1704,ሀይማኖት
1705,ችግር
1706,ሀይማኖት
1707,ድርሻ
1708,ባዶ
1709,እውነት
1710,እውነት
1711,እጥፋት
1712,ይቅርታ
1713,ዳንኤል
1714,ጥር
1715,ወረዳ
1716,ህገወጥ
1717,መንገድ
1718,ለማ
1719,ሰፊ
1720,ወርቅ
1721,ማእድን
1722,አመራር
1723,ቡድን
1724,ተስፋ
1725,ሂደት
1726,ከፍተኛ
1727,ችሎታ
1728,ድንቅ
1729,ጭንጋፍ
1730,ዶሮ
1731,መውደድ
1732,አንዳንድ
1733,ብዙ
1734,ጊዜ
1735,አንዳንድ
1736,ግጥም
1737,ልክ
1738,መሪ
1739,አሳብ
1740,ልእልና
1741,አንተ
1742,አጠገብ
1743,ርቀት
1744,ስፍራ
1745,ሰው
1746,ከበሬታ
1747,ልጅ
1748,ኢትዮጵያ
1749,ፖለቲካ
1750,ገጠር
1751,ኢትዮጵያ
1752,ከፍተኛ
1753,ትምህርት
1754,ተቋም
1755,ብሄር
1756,ግጭት
1757,ወለጋ
1758,ዩኒቨርሲቲ
1759,ዩኒቨርሲቲ
1760,ግቢ
1761,ወጥ
1762,አርሲ
1763,ዩኒቨርስቲ
1764,አሶሳ
1765,ዩኒቨርስቲ
1766,ዩኒቨርስቲ
1767,ዲላ
1768,ዩኒቨርስቲ
1769,ድሬዳዋ
1770,ዩኒቨርስቲ
1771,ብርሀን
1772,ዩኒቨርስቲ
1773,ማርቆስ
1774,ዩኒቨርስቲ
1775,ኮተቤ
1776,ዩኒቨርስቲ
1777,ዩኒቨርስቲ
1778,ወላይታ
1779,ሶዶ
1780,ዩኒቨርስቲ
1781,ልብ
1782,እሱ
1783,ፖለቲካ
1784,ኢኮኖሚ
1785,ሀይል
1786,እንቅርት
1787,ጆሮ
1788,ሀገር
1789,በቀል
1790,ድንቅ
1791,ብልህ
1792,መሪ
1793,አቢይ
1794,አህመድ
1795,ታሪክ
1796,ህዝብ
1797,ጥበበኛ
1798,አንተ
1799,እግዚአብሄር
1800,ጥሩ
1801,ቂል
1802,ሀገር
1803,ወለጋ
1804,ዘመቻ
1805,ጦር
1806,ኦሮሞ
1807,አንድነት
1808,ጎሳ
1809,ክፍለ
1810,ሀገር
1811,ህዝብ
1812,ደሱ
1813,ድምጽ
1814,ወያኔ
1815,አል
1816,እውነት
1817,ማብራሪያ
1818,መለስ
1819,ልምድ
1820,ችሎታ
1821,ተገቢ
1822,ምርጫ
1823,ህግ
1824,ህግ
1825,ሀላፊነት
1826,ጌታ
1827,ጠልሰም
1828,ሳር
1829,ያለው
1830,ያለው
1831,አይነት
1832,ብዙ
1833,ሰው
1834,ንግር
1835,መብት
1836,ስራ
1837,ኤርትራ
1838,አገር
1839,ሰላም
1840,ወንድም
1841,ጦርነት
1842,ጥንት
1843,ላቲን
1844,እኔ
1845,ያህ
1846,ባእድ
1847,ቋንቋ
1848,ባእድ
1849,ሀገር
1850,ራስ
1851,ቋንቋ
1852,ልክ
1853,ዘር
1854,አልበም
1855,ፊት
1856,ንግር
1857,ምን
1858,አይነት
1859,ሀሳብ
1860,ዛሬ
1861,ጅማ
1862,አባ
1863,ቡና
1864,ጨዋታ
1865,አይነት
1866,ኳስ
1867,ዘይቤ
1868,ሀሳብ
1869,ጣት
1870,አዛዥ
1871,ምርጫ
1872,ክብር
1873,ኢትዮጵያ
1874,ሀገር
1875,ችግር
1876,መፍትሄ
1877,ህያው
1878,አምላክ
1879,ወርቅ
1880,ጌጣጌጥ
1881,አንተ
1882,ብዙ
1883,ችግር
1884,ጠንካራ
1885,ግል
1886,ጉዳይ
1887,አደባባይ
1888,አድራሻ
1889,ውስጥ
1890,መስመር
1891,በርካታ
1892,ድንቅ
1893,አርቲስት
1894,እውቅ
1895,አህመድ
1896,አለምጸሀይ
1897,ወዳጆ
1898,ሙዚቀኛ
1899,ሰላም
1900,ስዩም
1901,ሙዚቃ
1902,ፊልም
1903,ዝግጅት
1904,ምስጋና
1905,እውነት
1906,ሰላም
1907,ፋኖ
1908,ስብስብ
1909,አገር
1910,አገር
1911,ሰላም
1912,ምርጫ
1913,አገር
1914,ምርጫ
1915,ምርጫ
1916,ክረምት
1917,ምርጫ
1918,ጉድ
1919,አማራ
1920,ደሳለኝ
1921,ጫኔ
1922,አማራ
1923,ጊዜ
1924,ዘመን
1925,መለስ
1926,ራእይ
1927,ዘመን
1928,ትውልድ
1929,ሞት
1930,እውነት
1931,ጆሮ
1932,አእምሮ
1933,ድምጽ
1934,ትክክል
1935,እውነት
1936,ጩኸት
1937,እውነት
1938,እውነት
1939,ጩኸት
1940,ውሸት
1941,ምን
1942,አይነት
1943,አቶ
1944,ናትናኤል
1945,ፓርቲ
1946,ግንኙነት
1947,ሀላፊ
1948,አማራ
1949,አንድ
1950,መጥፎ
1951,ገና
1952,አይነት
1953,ስጦታ
1954,ጌታ
1955,ልደት
1956,አንቺ
1957,አሁን
1958,አይነት
1959,ጥሩ
1960,ንግግር
1961,ፈጣሪ
1962,ሎሚ
1963,እናንተ
1964,ተራ
1965,አምላክ
1966,ዱር
1967,ጫካ
1968,እሳት
1969,አካል
1970,አካል
1971,ሀዘን
1972,ምድር
1973,ሰማይ
1974,ነፍስ
1975,ሰላም
1976,ብቸኛ
1977,ንስሀ
1978,አይነት
1979,ማንኛውም
1980,አማርኛ
1981,ውጭ
1982,መንግስት
1983,ሀይል
1984,ውስጥ
1985,ጉዳይ
1986,እጅ
1987,ቦርድ
1988,ፓርቲ
1989,ምዝገባ
1990,መኪና
1991,አሁን
1992,አጼ
1993,ሀይለስላሴ
1994,ሰውዬ
1995,ጊዜ
1996,አገር
1997,ብዙ
1998,መልካ
1999,መልካ
2000,ውለታ
2001,ዜጋ
2002,ቀሀ
2003,ውድ
2004,ደንበኛ
2005,ጉዳይ
2006,ምላሽ
2007,ይህ
2008,ግጥም
2009,መልካም
2010,ምኞት
2011,ጽንፈኛ
2012,ኢትዮጵያ
2013,አየር
2014,አብዛኛ
2015,ጽዮን
2016,አስተሳሰብ
2017,ቅኝት
2018,ክልል
2019,ሰላማዊ
2020,ሰልፍ
2021,አይን
2022,ቀለም
2023,ሙስሊም
2024,መስጊድ
2025,ሱቅ
2026,ክርስትና
2027,መዝሙር
2028,አል
2029,ነገ
2030,ሮብ
2031,ሰአት
2032,ዘመን
2033,ህጻን
2034,ለአለም
2035,ይቅርታ
2036,ጉዳይ
2037,ምክንያት
2038,ሲስተም
2039,ቅርብ
2040,በአካል
2041,ቅርብ
2042,ባንክ
2043,ቅርንጫፍ
2044,በአካል
2045,ህዝቅኤል
2046,ጥናታዊ
2047,ጫት
2048,እንዳለ
2049,ጫት
2050,ቴሌቪዥን
2051,ጣቢያ
2052,ሰው
2053,ጉዳይ
2054,ሲሳይ
2055,ሀሳብ
2056,ግብር
2057,ፕሬዚዳንት
2058,ዘውድ
2059,ውጭ
2060,ጉዳይ
2061,ክቡር
2062,አቶ
2063,ገድ
2064,ፕሬዚዳንት
2065,ስልጣን
2066,ምኞት
2067,ያለው
2068,መንግስት
2069,ጸር
2070,አርአያ
2071,አጼ
2072,አጼ
2073,ሀይለስላሴ
2074,መንግስቱ
2075,ገቢሳ
2076,እንደርታ
2077,ከተማ
2078,ውጤት
2079,ፈሪ
2080,አንበሳ
2081,ዝሆን
2082,ሚኒስትር
2083,ህብረተሰብ
2084,ጤና
2085,ጤና
2086,ድርጅት
2087,ብር
2088,ፓኮ
2089,ግብ
2090,ባለ
2091,መስመር
2092,በግ
2093,ወጥ
2094,ታማኝነት
2095,አቡበከር
2096,አህመድ
2097,እኛ
2098,ታሪክ
2099,ፕሮግራም
2100,መልእክት
2101,ተግባር
2102,ስልጡን
2103,ምላሽ
2104,ሞጣ
2105,ኮምቦልቻ
2106,ህዝባዊ
2107,በር
2108,ማርያም
2109,መልአክ
2110,ወንድ
2111,መንፈስ
2112,ቅድ
2113,አንቺ
2114,ልኡል
2115,ሀይል
2116,ቅዱስ
2117,ህጻን
2118,እግዚአብሄር
2119,ልጅ
2120,ገና
2121,አል
2122,አሻ
2123,ልዩ
2124,በአል
2125,ዝግጅት
2126,ገና
2127,እለት
2128,ምድብ
2129,አዲ
2130,አበባ
2131,ከተማ
2132,ጨዋታ
2133,ነጥብ
2134,መድን
2135,ምድብ
2136,ጨዋታ
2137,ነጥብ
2138,አሰልጣኝ
2139,መኮንን
2140,አዲ
2141,አበባ
2142,ከተማ
2143,ብሄራዊ
2144,ሊግ
2145,ቶሎሳ
2146,እለት
2147,ልብ
2148,ፈገግታ
2149,ቈላ
2150,ትክክል
2151,መብት
2152,ውነተኛ
2153,አንተ
2154,አቋም
2155,ግልጽ
2156,ፍቅር
2157,ጾታ
2158,ዜና
2159,ክስተት
2160,ግጥም
2161,ዜና
2162,ገለልተኛ
2163,ሚዲያ
2164,ተቋም
2165,ደህና
2166,አስፈሪ
2167,ዘመን
2168,ፍርሀት
2169,ሰው
2170,ጐዳ
2171,ቀን
2172,ይቺ
2173,ደን
2174,ደንብ
2175,አንተ
2176,ፍጥረት
2177,እግዚአብሄር
2178,አምላክ
2179,ክብር
2180,ኢትዮጵያ
2181,መንግስት
2182,ክልል
2183,ሙስሊም
2184,ተስፋ
2185,መስጊድ
2186,ምድብ
2187,ስለሺ
2188,ቀለም
2189,ቀንድ
2190,አገር
2191,አባይ
2192,ግድብ
2193,ድርድር
2194,ቀይ
2195,መስመር
2196,ምርጥ
2197,ዲፕሎማት
2198,አገር
2199,ሰላም
2200,ሀገር
2201,ፊት
2202,ሀገር
2203,ሰላም
2204,የት
2205,ምርጫ
2206,ማጥ
2207,እልቂት
2208,እውነት
2209,እውነት
2210,እውነት
2211,ምእራብ
2212,ኦሮሚያ
2213,አየር
2214,ምድር
2215,ሰፊ
2216,ውጊያ
2217,ወገን
2218,አል
2219,ልክ
2220,መስቀል
2221,ወፍ
2222,አቦ
2223,ያ
2224,እኔ
2225,ባልቦላ
2226,ቤት
2227,እመቤት
2228,ቅጥል
2229,ጋሞ
2230,ዞን
2231,ክልል
2232,ጥያቄ
2233,ደቡብ
2234,ክልል
2235,ምክር
2236,ቤት
2237,ጊዜ
2238,ገደብ
2239,አመት
2240,ጋሞ
2241,ዞን
2242,ምክር
2243,ቤት
2244,ፌዴሬሽን
2245,ምክር
2246,ቤት
2247,ቅሬታ
2248,መሀከል
2249,ህጋዊ
2250,ንግድ
2251,ልውውጥ
2252,እኔ
2253,ቧልት
2254,አሻራ
2255,ሰው
2256,ሰውነት
2257,ትርጉም
2258,ህይወት
2259,የት
2260,ሀብት
2261,ማእረግ
2262,ፍትህ
2263,በደል
2264,ግፍ
2265,የት
2266,አሻራ
2267,ትውልድ
2268,አይነት
2269,ፍቅር
2270,መላ
2271,መላ
2272,ዱለት
2273,ወያኔ
2274,ለም
2275,ሰላም
2276,መቀሌ
2277,መንጌ
2278,ጃንሆይ
2279,ባለስልጣን
2280,እልክ
2281,ጎል
2282,ሰው
2283,ኤሌክትሪክ
2284,እንዳለ
2285,ጎረቤት
2286,ጩኸት
2287,ሰም
2288,ጊዜ
2289,ጫካ
2290,ደረስ
2291,አንገት
2292,ቦታ
2293,ያ
2294,ዛፍ
2295,ዙሪያ
2296,ክበብ
2297,ልጅ
2298,ጥያቄ
2299,አል
2300,ደቡብ
2301,ኦሞ
2302,ዞን
2303,ጂንካ
2304,ዙሪያ
2305,ማህበረሰብ
2306,ባህል
2307,እስራት
2308,ቀንበር
2309,ምን
2310,ውስጥ
2311,እምቅ
2312,ሀሳብ
2313,ሀገር
2314,ህዝብ
2315,ከፍተኛ
2316,ሊግ
2317,ሳምንት
2318,ምድብ
2319,ውጤት
2320,ሚኒስትር
2321,አቢይ
2322,አህመድ
2323,ቦረና
2324,ዞን
2325,ያቤሎ
2326,ከተማ
2327,ሚኒስትር
2328,ያቤሎ
2329,አካባቢ
2330,ሀገር
2331,ሽማግሌ
2332,ነዋሪ
2333,ደማቅ
2334,ህብረተሰብ
2335,ውይይት
2336,አሁን
2337,ብልጽግና
2338,ፓርቲ
2339,ክልል
2340,ፕሬዚዳንት
2341,መንግስት
2342,ክልል
2343,እድል
2344,ሰፊ
2345,ልጅ
2346,ሰንበት
2347,ቤት
2348,ሄሮድስ
2349,ዛሬ
2350,ራስ
2351,ኢየሱስ
2352,ቦታ
2353,ልብ
2354,ወለድ
2355,ድርሰት
2356,ውሀ
2357,ጭምር
2358,ዘበናይ
2359,አዲስ
2360,ድርሰት
2361,ምክንያት
2362,አል
2363,በጎ
2364,አሜሪካ
2365,ትናንት
2366,ቃሲም
2367,ቴህራን
2368,ከተማ
2369,ጥሩ
2370,መልክ
2371,ህገወጥ
2372,ሁሉ
2373,ህብረተሰብ
2374,ሀላፊነት
2375,ሀሳብ
2376,ድርቀት
2377,ሰላማዊ
2378,መንግስታዊ
2379,ስልጣን
2380,ዛሬ
2381,ምርጫ
2382,ሰላማዊ
2383,መንገድ
2384,ምርምር
2385,ግንቦት
2386,ማክተሚያ
2387,ሚኒስቴር
2388,አቢይ
2389,አህመድ
2390,ብልጽግና
2391,ፓርቲ
2392,ሰማይ
2393,ወፍ
2394,እናት
2395,ጽናት
2396,ሀዋሳ
2397,ዩኒቨርሲቲ
2398,ስለት
2399,ሱራፌል
2400,ሰለሞን
2401,አስከሬን
2402,ዛሬ
2403,ወልዲያ
2404,ቅዱስ
2405,አምላክ
2406,ነፍስ
2407,አጸደ
2408,ገነት
2409,እናት
2410,እንባ
2411,እቃ
2412,በአል
2413,አምባሳደር
2414,አገር
2415,ፌዴራል
2416,ስርአት
2417,ብሄር
2418,ቋንቋ
2419,ሀይማኖት
2420,ጸጋ
2421,ጠንካራ
2422,አገራዊ
2423,አንድነት
2424,ዞን
2425,ዘመን
2426,ሴራ
2427,አል
2428,ደማቅ
2429,ዞን
2430,ወረዳ
2431,ዘመን
2432,ሴራ
2433,አል
2434,ዛሬ
2435,እለት
2436,ማለዳ
2437,ደማቅ
2438,ከፍተኛ
2439,ትምህርት
2440,ተቋም
2441,እርምጃ
2442,ሽብር
2443,ተግባር
2444,ክልል
2445,ይፋ
2446,ተግባር
2447,ሽብርተኛ
2448,ከለላ
2449,አቶ
2450,ንጉስ
2451,ጥላሁን
2452,እውነት
2453,አላባ
2454,ጉዳይ
2455,እንዳለ
2456,ዛሬ
2457,አል
2458,ምን
2459,አይነት
2460,ስምምነት
2461,ኡመር
2462,ወቅታዊ
2463,ጉዳይ
2464,ዙሪያ
2465,ጭንቅላት
2466,ባለቤት
2467,ትራምፕ
2468,መካከለኛ
2469,ምስራቅ
2470,ሰላም
2471,ውጥረት
2472,አንባቢ
2473,እህት
2474,አሜሪካ
2475,ኢትዮጵያ
2476,ብሄራዊ
2477,ጥቅም
2478,ፍላጎት
2479,ገንዘብ
2480,ይህ
2481,እኛ
2482,ሀገር
2483,ጉዳይ
2484,ይህ
2485,አቅጣጫ
2486,ጦርነት
2487,የትኛው
2488,ባህል
2489,ማንነት
2490,ጥያቄ
2491,አንተ
2492,ልብ
2493,ስሜት
2494,ልብ
2495,መላ
2496,ቤተሰብ
2497,ልብ
2498,ሀዘን
2499,አይነት
2500,አስነዋሪ
2501,ማህበራዊ
2502,ክስተት
2503,ፖለቲከኛ
2504,እስዎ
2505,ጭምር
2506,ውስጥ
2507,ራስ
2508,ውነተኛ
2509,ቃል
2510,ሰው
2511,ቀና
2512,ምሳሌ
2513,ስድስተኛ
2514,ሳምንት
2515,ሙሉ
2516,ውጤት
2517,ሚስተር
2518,አማካሪ
2519,ሚስተር
2520,ዘይት
2521,ሁሴን
2522,አሜሪካ
2523,ኢትዮጵያ
2524,ዝግጅት
2525,ስርአት
2526,ብልጽግና
2527,ግልጽ
2528,መርህ
2529,ውነተኛ
2530,ምሳሌ
2531,አይነት
2532,ፖለቲካ
2533,ግንባር
2534,ትብብር
2535,ወንድ
2536,አካል
2537,ሰው
2538,ነዝናዛ
2539,እግዚአብሄር
2540,እሱ
2541,ቅድ
2542,አፈወርቅ
2543,ደርግ
2544,ወታደር
2545,አባት
2546,ተአምር
2547,ቁሳቁስ
2548,ዝግጁ
2549,ዛሬ
2550,ወንድ
2551,አስተዳዳሪ
2552,ሴት
2553,ፕሬዚዳንት
2554,ትራምፕ
2555,ኢትዮጵያ
2556,እጅ
2557,አካል
2558,ማንነት
2559,መልካ
2560,አዲ
2561,አበባ
2562,ከተማ
2563,አስተዳደር
2564,አዲ
2565,አበባ
2566,ምክር
2567,ቤት
2568,አባል
2569,ምን
2570,ምክር
2571,ቤት
2572,በአል
2573,ምህዳር
2574,ሀገር
2575,በቀል
2576,ድንበር
2577,በዝባዥ
2578,እሱ
2579,ጋራ
2580,ዝማም
2581,አማራ
2582,ስቃይ
2583,ደምቢ
2584,ዩኒቨርሲቲ
2585,አሁን
2586,አማራ
2587,ዝርዝር
2588,ቡና
2589,ባህር
2590,ከተማ
2591,ውጤት
2592,ስፔን
2593,ኢራቅ
2594,ጦር
2595,ሰራዊት
2596,ያ
2597,አቶ
2598,ክርስትና
2599,እምነት
2600,ተከታይ
2601,ገና
2602,መልካ
2603,ምኞት
2604,ሙስሊም
2605,እርምጃ
2606,አይነት
2607,ዛቻ
2608,ክልል
2609,ቀውስ
2610,ህብረተሰብ
2611,ስነ
2612,ስነ
2613,ቃል
2614,ደረጃ
2615,ህብረተሰብ
2616,ትንተና
2617,አፋር
2618,ልጅ
2619,ልጅ
2620,ወሎ
2621,ሙስሊም
2622,አሸባሪ
2623,ወሎ
2624,ሙስሊም
2625,ከፍተኛ
2626,መስዋእትነት
2627,ወሎ
2628,ማን
2629,መክብብ
2630,ቪዲዮ
2631,አበራ
2632,እናት
2633,ሰው
2634,እንስሳ
2635,አውሬ
2636,አለም
2637,ሰራዊት
2638,እናት
2639,መድሀኒት
2640,እናት
2641,ተወዳጅ
2642,ስራ
2643,ሻለቃ
2644,ወጋየሁ
2645,ደግነት
2646,ስራ
2647,በለስ
2648,ስኳር
2649,ፋብሪካ
2650,ሸንኮራ
2651,አገዳ
2652,ጃዊ
2653,ወረዳ
2654,አባወራ
2655,ፋብሪካ
2656,ግንባታ
2657,ቀና
2658,ቃል
2659,ጦርነት
2660,አባት
2661,ንብረት
2662,አደጋ
2663,ዘጌ
2664,ባህላዊ
2665,ቀሚስ
2666,ጥለት
2667,ጌጣጌጥ
2668,ውድ
2669,ዋጋ
2670,ልብስ
2671,ክብደት
2672,አማራ
2673,ህመም
2674,ጋዜጠኛ
2675,ስድብ
2676,ዘለፋ
2677,ተቀባይነት
2678,ፍትህ
2679,ግንዛቤ
2680,ሌላ
2681,አለቃ
2682,በላይነህ
2683,ዘመን
2684,እኔ
2685,ዘመን
2686,ፊት
2687,ሰፈር
2688,መልካ
2689,ጥረት
2690,ከተማ
2691,ሞኝ
2692,ሀና
2693,ተክል
2694,ሰማይ
2695,እውነት
2696,እውነት
2697,ጥሩ
2698,አቋም
2699,ሀሳብ
2700,ልብ
2701,ስሜት
2702,ህይወት
2703,ንብ
2704,ባዶ
2705,ፓርቲ
2706,ለም
2707,በጀት
2708,ምደባ
2709,ጥገና
2710,ዝግጅት
2711,ስራ
2712,አብዛኛ
2713,ሀውልት
2714,ጥገና
2715,ጥር
2716,ዝግጅት
2717,ጥር
2718,ጥገና
2719,እቃ
2720,ውጭ
2721,ቃል
2722,ዜማ
2723,አሽሙር
2724,ወግ
2725,እጸገነት
2726,እምነት
2727,ሴራ
2728,ፈጣሪ
2729,ምክር
2730,ተንኮል
2731,ጥሩ
2732,ልጅ
2733,አማርኛ
2734,እናት
2735,ሀገር
2736,ስቃይ
2737,ቤተሰብ
2738,ተስፋ
2739,ውሸት
2740,ጭካኔ
2741,አሳፋሪ
2742,ድርጊት
2743,ኢትዮጵያዊ
2744,ሱዳን
2745,ሀገር
2746,ዘገባ
2747,ህጻን
2748,ቢላዋ
2749,ፍቅር
2750,ታሪክ
2751,የት
2752,እኔ
2753,ሚዛን
2754,ማእዘን
2755,ሌላ
2756,አል
2757,ቀን
2758,ህጻን
2759,ገና
2760,መንገድ
2761,ህጻን
2762,ልጅ
2763,ሸበላ
2764,ውድድር
2765,ምርጫ
2766,ወረዳ
2767,ህዝብ
2768,ምርጫ
2769,ወረዳ
2770,ህዝብ
2771,እለት
2772,ችግር
2773,ምርጫ
2774,ወረዳ
2775,መዋቅር
2776,ምርጫ
2777,ወረዳ
2778,ውክልና
2779,ምርጫ
2780,ወረዳ
2781,እኛ
2782,ፖለቲካ
2783,ሀገር
2784,እኛ
2785,ፖለቲካ
2786,እኛ
2787,ገድ
2788,ማ
2789,ብርሀን
2790,አማራ
2791,ጥቅም
2792,ህዝብ
2793,ቅጥረኛ
2794,ደህና
2795,ነጋ
2796,መልካ
2797,ብዙ
2798,ደደብ
2799,ፖለቲከኛ
2800,ደቡብ
2801,በሬ
2802,ግምባር
2803,መሬት
2804,ልጅ
2805,ደግ
2806,እኛ
2807,አምላክ
2808,ማስተዋል
2809,ጥበብ
2810,እናንተ
2811,ፍቅር
2812,እምነት
2813,ሀይማኖት
2814,ተዋህዶ
2815,ልጅ
2816,ቅድ
2817,ቀን
2818,ክብር
2819,ቀን
2820,ጡት
2821,ስርጉት
2822,አሁን
2823,ሶስት
2824,ጎበዝ
2825,ያ
2826,ኢትዮጵያ
2827,ጉዳይ
2828,ጉድ
2829,እለታዊ
2830,አቅጣጫ
2831,በርካታ
2832,ነገር
2833,አል
2834,ሀቅ
2835,ይቺ
2836,ድምጽ
2837,ጅልነት
2838,ፊት
2839,መንግስት
2840,ራስ
2841,ሌባ
2842,ሰፈር
2843,ሌባ
2844,ሌባ
2845,የት
2846,ሀገር
2847,ሞጣ
2848,ውነተኛ
2849,ፍትህ
2850,የትኛው
2851,አጀንዳ
2852,ውድቅ
2853,አጀንዳ
2854,ጠለፋ
2855,ልጅ
2856,ትምህርት
2857,ጫካ
2858,ወላጅ
2859,ከፍተኛ
2860,ህመም
2861,ቃጠሎ
2862,ዝግጅት
2863,እህት
2864,ዘይት
2865,ሁሴን
2866,ሀሊማ
2867,በሽር
2868,አንጀት
2869,ቅቤ
2870,ዘይት
2871,ዶክተር
2872,ቃጠሎ
2873,መስመር
2874,ዘመቻ
2875,ተቃዋሚ
2876,ፓርቲ
2877,ደጋፊ
2878,አጠቃላይ
2879,ኢትዮጵያ
2880,ደንብ
2881,ሰአት
2882,መብት
2883,ትክክል
2884,ህዝብ
2885,ክልል
2886,ሀገር
2887,ራስ
2888,ጥቅም
2889,ግልጽ
2890,ምስራቅ
2891,ጎጃም
2892,መስተዳድር
2893,ዞን
2894,እነብሴ
2895,ሳር
2896,ምድር
2897,ወረዳ
2898,ሩብ
2899,አመት
2900,ምክር
2901,ቤት
2902,ጉባኤ
2903,ማስታወሻ
2904,እኛ
2905,ትንሽ
2906,ጊዜ
2907,ሁሉ
2908,እኔ
2909,ብዙ
2910,ጊዜ
2911,አማራ
2912,ጽጌ
2913,ጎበዝ
2914,ወገን
2915,ነፍጥ
2916,ግዴታ
2917,ወያኔ
2918,ሰሜን
2919,ደቡብ
2920,ምስራቅ
2921,አማራ
2922,ጦርነት
2923,ኢትዮጵያ
2924,ግብጽ
2925,ሱዳን
2926,ህዳሴ
2927,ግድብ
2928,ውይይት
2929,ስምምነት
2930,ውይይት
2931,ስምምነት
2932,ኢትዮጵያ
2933,ውሀ
2934,መስኖ
2935,ኢነርጂ
2936,ሚኒስትር
2937,ኢንጂነር
2938,ስለሺ
2939,መሀል
2940,ቤት
2941,ሰው
2942,ኢትዮጵያዊ
2943,ሀይማኖት
2944,ባህላዊ
2945,መሰል
2946,ሰው
2947,መንፈስ
2948,ሳይንሳዊ
2949,መንገድ
2950,ገዳይ
2951,አል
2952,ግድያ
2953,መብት
2954,ሚዛናዊ
2955,ሰው
2956,ሚና
2957,ከፍተኛ
2958,አቶ
2959,ንጉስ
2960,ጥላሁን
2961,ዜና
2962,ዋልታ
2963,ምን
2964,ህጻን
2965,ልጅ
2966,ልጅ
2967,ኋላ
2968,ጥቅል
2969,ጎመን
2970,አይብ
2971,ሰው
2972,እኔ
2973,ቀና
2974,ሰው
2975,ችግር
2976,ቅን
2977,አንተ
2978,አይነት
2979,ሀላፊነት
2980,ሰው
2981,ሽብር
2982,ተግባር
2983,ክልል
2984,አይነት
2985,ውሳኔ
2986,ጐዳ
2987,ማህበረሰብ
2988,አንገት
2989,ቤተሰብ
2990,አዋቂ
2991,ሁሉ
2992,መልቲ
2993,ጌጥ
2994,ድንቁርና
2995,ገዳይ
2996,ሎቲ
2997,ዮሀንስ
2998,አድማስ
2999,ኦማን
3000,ብልጽግና
3001,ታሪካዊ
3002,ሱልጣን
3003,አመት
3004,አጃ
3005,ተስፋ
3006,ቃል
3007,እግዚአብሄር
3008,ፍርሀት
3009,ቅድስና
3010,ፍጹም
3011,መንፈስ
3012,ራስ
3013,አሜሪካ
3014,ህዳሴ
3015,ግድብ
3016,አዲ
3017,ስምምነት
3018,ሰነድ
3019,ፍላጎት
3020,ሚደቅሳ
3021,ኦሮሞ
3022,ከተማ
3023,ከተማ
3024,ነዋሪ
3025,ህይወት
3026,እንቅስቃሴ
3027,ህዝብ
3028,ምክር
3029,ቤት
3030,የማነ
3031,ኑሮ
3032,ጋዜጠኛ
3033,ነጋ
3034,አበባ
3035,አደራ
3036,ምክር
3037,ቤት
3038,ራስ
3039,ፖለቲካ
3040,ፓርቲ
3041,ስብሰባ
3042,ስብሰባ
3043,መንግስት
3044,ጸጥታ
3045,ሀይል
3046,ወለጋ
3047,ቦረና
3048,ጦርነት
3049,ብሄር
3050,ብሄረሰብ
3051,መሀከል
3052,ቤት
3053,ኦሮሞ
3054,ሁሉ
3055,ሀይል
3056,ግዴታ
3057,ፊት
3058,ስሜት
3059,ግድ
3060,ሴት
3061,አቢይ
3062,መንግስት
3063,ኦሮሚያ
3064,አማራ
3065,ክልል
3066,ዩኒቨርሲቲ
3067,ክፍት
3068,ኦሮሞ
3069,አጼ
3070,ሰራዊት
3071,ኦሮሚያ
3072,ልዩ
3073,ፖሊስ
3074,ወለጋ
3075,ኦሮሞ
3076,ኦሮሞ
3077,ከፋ
3078,አውሬነት
3079,ለም
3080,እባብ
3081,እርግብ
3082,እርግብ
3083,ታሪክ
3084,ሀቅ
3085,ዜና
3086,ደቡብ
3087,ሰሜን
3088,መብት
3089,ጥቂት
3090,ባለሙያ
3091,ያ
3092,ጥንድ
3093,ሀዋሳ
3094,ሀይል
3095,ዛሬ
3096,ሰአት
3097,ፎቶ
3098,ሀይል
3099,ባለስልጣን
3100,ግዴታ
3101,መጥፎ
3102,ሴት
3103,ክብር
3104,ባህርይ
3105,ግድ
3106,ጥሩ
3107,ህክምና
3108,ግብጽ
3109,ቁልፍ
3110,እኛ
3111,ባህል
3112,ትክክል
3113,ባህል
3114,ልክ
3115,ባህል
3116,ሁሉ
3117,ባህል
3118,ሁሉ
3119,ምድር
3120,ወያኔ
3121,ብልጽግና
3122,ጥገኛ
3123,ቀጣይ
3124,ሀይል
3125,ግንባር
3126,ወያኔ
3127,ጊዜ
3128,ጉብኝት
3129,ልጅ
3130,እረፍት
3131,ኮሌጅ
3132,ክልል
3133,ተግባር
3134,አቋም
3135,ተቃራኒ
3136,ተግባር
3137,እርምጃ
3138,ቅጥል
3139,ሽብርተኛ
3140,አካል
3141,ከፋ
3142,ሙስሊም
3143,ገና
3144,ሀገር
3145,ሩሲያ
3146,ግብጽ
3147,ኤርትራ
3148,ቡልጋሪያ
3149,እስራኤል
3150,ሰርቢያ
3151,ቤላሩስ
3152,ሞንቴኔግሮ
3153,ጆርጂያ
3154,ፊላ
3155,መልካ
3156,ገና
3157,አል
3158,ሰላም
3159,ደህንነት
3160,ሀላፊ
3161,ክልል
3162,ምን
3163,አይነት
3164,ደቂቃ
3165,ልዩነት
3166,ጉዳይ
3167,መንግስት
3168,ዋጋ
3169,መፍትሄ
3170,አሁን
3171,አሞሌ
3172,ራስ
3173,ድንጋይ
3174,ሲስተም
3175,ለም
3176,ትኬት
3177,ክልል
3178,ጥር
3179,ኢትዮጵያ
3180,ብሄራዊ
3181,ምርጫ
3182,ቦርድ
3183,ዛሬ
3184,እለት
3185,ውይይት
3186,ግብአት
3187,ምርጫ
3188,ጊዜ
3189,ሰሌዳ
3190,ጥር
3191,በርካታ
3192,መላ
3193,ክርስትና
3194,እምነት
3195,ተከታይ
3196,አጃ
3197,መልካ
3198,አል
3199,አንቺ
3200,ሆሳእና
3201,ሜዳ
3202,ድል
3203,መባቻ
3204,ንባብ
3205,ጣሊያን
3206,ሰፈር
3207,እናት
3208,ስም
3209,ወላጅ
3210,ወግ
3211,አል
3212,እሱ
3213,መባቻ
3214,ቅርብ
3215,ወረት
3216,አህመዲን
3217,ሀይማኖት
3218,ለም
3219,ውሸት
3220,ታህሳስ
3221,ሀገር
3222,ምርት
3223,ደረጃ
3224,ፍላጎት
3225,ላኪ
3226,ቴሌኮም
3227,ብር
3228,ድጋፍ
3229,ዩኒቨርሲቲ
3230,ጽሁፍ
3231,ቴሌግራም
3232,አማራ
3233,ዩኒቨርሲቲ
3234,ጉዳይ
3235,ሌባ
3236,ተግባር
3237,ህዝብ
3238,ዋነኛ
3239,ስራ
3240,አጀንዳ
3241,ማን
3242,ህግ
3243,ህግ
3244,ክብር
3245,ግዴታ
3246,መብት
3247,መንግስት
3248,ትርጉም
3249,አፈር
3250,እኛ
3251,አንተ
3252,ቤተሰብ
3253,ልብ
3254,ኢትዮጵያ
3255,ዳያስፖራ
3256,ኤጀንሲ
3257,ደቡብ
3258,ክልል
3259,ዳያስፖራ
3260,ክልል
3261,ሰው
3262,ስርአት
3263,በጎ
3264,ስራ
3265,መርህ
3266,አንጻር
3267,ሁለት
3268,ያ
3269,ምኒልክ
3270,ዘመን
3271,ክልል
3272,አመት
3273,ሰአት
3274,ቆሻሻ
3275,ተጠያቂ
3276,እኛ
3277,ሴት
3278,ስኬት
3279,ነጭ
3280,አፍሪካ
3281,እኔ
3282,አንዲት
3283,ኢትዮጵያዊት
3284,ሴት
3285,ደረጃ
3286,ጭንቅላት
3287,ጸጉር
3288,ምግብ
3289,ሰላም
3290,በግ
3291,ፍየል
3292,ሰላማዊ
3293,መንገድ
3294,እምር
3295,እኛ
3296,አገር
3297,ሰላም
3298,እውነት
3299,ጎበዝ
3300,ትናንት
3301,ጉባኤ
3302,ደቂቃ
3303,ፊት
3304,ድርጅት
3305,ዝርዝር
3306,ስእል
3307,አቶ
3308,ጌታ
3309,ኮሚቴ
3310,አባል
3311,ጅብ
3312,ችኩል
3313,ቀንድ
3314,አንተ
3315,የት
3316,ምን
3317,እጥፋት
3318,ጥር
3319,ንብረት
3320,ጥያቄ
3321,ግንባር
3322,ንብረት
3323,ጉዳይ
3324,ጥቂት
3325,ደቂቃ
3326,ፊት
3327,አዋቂ
3328,አንቺ
3329,ህዳሴ
3330,ግድብ
3331,ውይይት
3332,ነገ
3333,አሜሪካ
3334,ይህ
3335,ውጭ
3336,ጉዳይ
3337,ሚኒስትር
3338,ገድ
3339,ኢትዮጵያ
3340,ልኡክ
3341,ትናንት
3342,ጤና
3343,ስራ
3344,አማካይ
3345,ባህላዊ
3346,ሴት
3347,እሱ
3348,ወረዳ
3349,ቀበሌ
3350,አርባ
3351,ምንጭ
3352,ባህላዊ
3353,መስተንግዶ
3354,ታህሳስ
3355,ይቺ
3356,ሀገር
3357,ዘመን
3358,እግድ
3359,ራስ
3360,ደካማ
3361,ቅርብ
3362,ደጋፊ
3363,አማራ
3364,ፍልስጤም
3365,እረፍት
3366,ይቅርታ
3367,እስር
3368,መልእክት
3369,ታሪክ
3370,እጅ
3371,መዳፍ
3372,ታሪክ
3373,ምሳሌ
3374,መካሪ
3375,ችግር
3376,ችግር
3377,ጭቅጭቅ
3378,እውነቱ
3379,ወንጀል
3380,እስር
3381,ቤት
3382,ሞት
3383,ፍርድ
3384,ቤተሰብ
3385,ፍትህ
3386,ኑሮ
3387,ቤተሰብ
3388,ብትንትን
3389,መከራ
3390,አንተ
3391,ቤተሰብ
3392,እውነታ
3393,መሬት
3394,ፖለቲካ
3395,ያ
3396,ሰላማዊ
3397,ውድድር
3398,ስድብ
3399,እስር
3400,መልካ
3401,ብዙ
3402,ሶስት
3403,ክልል
3404,አማራ
3405,ኦሮሚያ
3406,ትግራይ
3407,ብዙ
3408,ውርጋጥ
3409,ፍትሀዊ
3410,ምርጫ
3411,ልዩ
3412,ጥቅም
3413,ልዩ
3414,ዜጋ
3415,ጥያቄ
3416,ኢትዮጵያ
3417,ሀይል
3418,አለት
3419,ሳይንስ
3420,ሳይንስ
3421,መንግስት
3422,እኛ
3423,አባት
3424,ፊት
3425,ክብር
3426,ራስ
3427,ክብር
3428,መልካ
3429,ስራ
3430,ድክመት
3431,ኢትዮጵያዊ
3432,ችግር
3433,ዋጋ
3434,መንግስት
3435,ሁሉ
3436,እምነት
3437,እኩል
3438,አል
3439,ግል
3440,ቦታ
3441,ብልጽግና
3442,ምርጫ
3443,ሰው
3444,ጤንነት
3445,ሀሳብ
3446,ብዙ
3447,አሁን
3448,ብዙ
3449,ምን
3450,ፊት
3451,ጥይት
3452,ድምጽ
3453,ዘንድሮ
3454,ሀገር
3455,ህዝብ
3456,አመለካከት
3457,ድብልቅ
3458,ጥሩ
3459,ስሜት
3460,ጊዜ
3461,እውነት
3462,እውነት
3463,ፊት
3464,የት
3465,ጉዳይ
3466,ኪሳራ
3467,ጋዜጠኛ
3468,አለቃ
3469,ሰላም
3470,ሽልማት
3471,ጋዜጠኛ
3472,ሀሳብ
3473,ድንቅ
3474,ምስጢር
3475,ሴት
3476,እግዚአብሄር
3477,ቃል
3478,ድንግል
3479,ፈጣሪ
3480,እሱ
3481,እናት
3482,ከርስ
3483,ኤፍሬም
3484,ሰመራ
3485,ቤት
3486,አማራ
3487,ክልል
3488,ኦሮሞ
3489,አዲሱ
3490,ቤት
3491,ምረቃ
3492,ዝግጅት
3493,ገጽታ
3494,ወቅት
3495,ሀገር
3496,ስርአት
3497,መረጃ
3498,ጥቂት
3499,ግልጽ
3500,መልክ
3501,ወገኔ
3502,ገንዘብ
3503,አበል
3504,ደመወዝ
3505,ችግር
3506,ዘር
3507,ፓርቲ
3508,ምርጫ
3509,ዘር
3510,ፓርላማ
3511,አገር
3512,ሀገር
3513,ደረጃ
3514,ዘር
3515,ፖለቲካ
3516,መድረክ
3517,ጀርባ
3518,ምርጥ
3519,ፎቶ
3520,ሰው
3521,ከፍተኛ
3522,ስራ
3523,የዋህ
3524,ሀበሻ
3525,ምስክርነት
3526,ደቂቃ
3527,ራስ
3528,አሜሪካ
3529,ካንሳስ
3530,ነዋሪ
3531,ሳራ
3532,አንድ
3533,ስራ
3534,መኖሪያ
3535,ቀና
3536,እድሜ
3537,አዛውንት
3538,ወጣትነት
3539,ህዝብ
3540,ሀገር
3541,ደህንነት
3542,ብዙ
3543,ምስጋና
3544,አንተ
3545,ገብ
3546,እውነት
3547,ክፍል
3548,ርእስ
3549,ያእቆብ
3550,መልእክት
3551,ትምህርት
3552,አማራ
3553,አንተ
3554,ፈርጥ
3555,ሀሳብ
3556,ገበሬ
3557,ገንዘብ
3558,መሬት
3559,ችግር
3560,ገና
3561,ዱላ
3562,ኳስ
3563,ስም
3564,ኦሮሚያ
3565,ልዩ
3566,ፖሊስ
3567,ተወርዋሪ
3568,ሰራዊት
3569,ደባ
3570,እቅድ
3571,ጥምረት
3572,ብልጽግና
3573,ራእይ
3574,ጥሩ
3575,እኛ
3576,ኦሪት
3577,ዘዳግም
3578,ሰው
3579,እግዚአብሄር
3580,አፍ
3581,ህይወት
3582,እንጀራ
3583,ህይወት
3584,አንተ
3585,አባት
3586,መና
3587,ኦሮሞ
3588,ወንድማማችነት
3589,ዘመን
3590,ድልድይ
3591,ሀላፊ
3592,አቶ
3593,አንዱአለም
3594,ገጽ
3595,ጊዜ
3596,ብር
3597,ብር
3598,ብር
3599,መቶ
3600,ብር
3601,ካርድ
3602,ኢትዮጵያ
3603,ተስፋ
3604,አገር
3605,ፍትህ
3606,ስርአት
3607,ገለልተኛ
3608,ሚዛናዊ
3609,ፍትህ
3610,አምባገነን
3611,ኤርሚያስ
3612,ምክንያት
3613,ፍርድ
3614,ቤት
3615,መፈክር
3616,መፈክር
3617,መድፈኛ
3618,ሚኒስትር
3619,ምድረ
3620,ሽፍታ
3621,ልጅ
3622,ጥር
3623,ወርቅ
3624,ስንት
3625,ኢላማ
3626,ግፍ
3627,ብድር
3628,ልጅ
3629,እግዚአብሄር
3630,አባት
3631,መሪ
3632,እግዚአብሄር
3633,አባይ
3634,ወንዝ
3635,ፍሰት
3636,ጥያቄ
3637,ውድቅ
3638,ቈላ
3639,እኛ
3640,ፍላጎት
3641,ትክክለኛ
3642,ጥያቄ
3643,አሁን
3644,ሰአት
3645,አለነ
3646,ስሜት
3647,አሁን
3648,እውነት
3649,አመት
3650,ሙሉ
3651,ፓርቲ
3652,መንግስት
3653,ቢሊዮን
3654,ግብር
3655,ከፋይ
3656,ገንዘብ
3657,ድርጅት
3658,ገንዘብ
3659,ህግ
3660,ድርሻ
3661,አርሲ
3662,ነገሌ
3663,እግዚአብሄር
3664,አብ
3665,ሁሉ
3666,ጊዜ
3667,ደስታ
3668,ቀን
3669,መታወቂያ
3670,ምን
3671,ህግ
3672,ድርጅት
3673,ፖለቲካ
3674,ፓርቲ
3675,መስመር
3676,ህግ
3677,ባለሙያ
3678,አመት
3679,አራጌ
3680,ኢትዮጵያዊ
3681,አፍ
3682,ልብ
3683,ጌታ
3684,አረጋዊ
3685,ጉዳይ
3686,መጽሄት
3687,ባለቤት
3688,ዛሬ
3689,ምርጥ
3690,ቀን
3691,ነገ
3692,ብልጫ
3693,እድል
3694,ገብረመድህን
3695,ሀይል
3696,ማህበረሰብ
3697,አማርኛ
3698,አለቃ
3699,ቀና
3700,ዙሪያ
3701,አይን
3702,ሁሉ
3703,ጨለማ
3704,አይን
3705,አንተ
3706,ፊት
3707,ተስፋ
3708,ብሩህ
3709,ቀን
3710,ፊት
3711,ኢትዮጵያዊ
3712,ዲሞክራሲ
3713,ብዙ
3714,ደግ
3715,ብልጽግና
3716,ምርጫ
3717,ብልጽግና
3718,ክልል
3719,ብልጽግና
3720,አሸናፊ
3721,አውራ
3722,ፓርቲ
3723,ዜግነት
3724,ንግር
3725,ፊልም
3726,ታሪክ
3727,ተስፋ
3728,ፎቶ
3729,ጽንፈኛ
3730,ፖለቲካ
3731,ነፍጠኛ
3732,አንድ
3733,ህይወት
3734,ቤተሰብ
3735,ለም
3736,አል
3737,ውዳቂ
3738,ቅል
3739,ራስ
3740,ጭንቅላት
3741,ልክ
3742,ውስጥ
3743,ባዶ
3744,በጎ
3745,በጎ
3746,ስራ
3747,በጎ
3748,ፍቅር
3749,ሌላ
3750,መሪ
3751,ህዝብ
3752,ጸጋ
3753,ሀገር
3754,መደዴ
3755,ሉአላዊነት
3756,ሀገር
3757,ሉአላዊነት
3758,አንድነት
3759,ወጥ
3760,ደደብ
3761,ደደብ
3762,አዲ
3763,ኤርትራ
3764,አባት
3765,መቃብር
3766,ምን
3767,ልብ
3768,ጥር
3769,ሆዳም
3770,ኦሮሞ
3771,ሀገር
3772,ማህበረሰብ
3773,ገና
3774,አል
3775,እንስሳ
3776,አዲ
3777,አበባ
3778,ከተማ
3779,አስተዳደር
3780,ቄራ
3781,ድርጅት
3782,ይህ
3783,በግ
3784,ፍየል
3785,መልካ
3786,ሰንበት
3787,ሰንበት
3788,ረድኤት
3789,በረከት
3790,አምላክ
3791,እመቤት
3792,እስራት
3793,ሀገር
3794,ኢትዮጵያ
3795,ቀን
3796,ቴአትር
3797,ቤት
3798,ሀላፊ
3799,ብሄረሰብ
3800,ባህል
3801,ቴአትር
3802,አማርኛ
3803,ቋንቋ
3804,አማርኛ
3805,ተናጋሪ
3806,ተመልካች
3807,አማራ
3808,ልዩ
3809,ዞን
3810,ሰላማዊ
3811,ሰልፍ
3812,ክልል
3813,የት
3814,ክልል
3815,ቅዠት
3816,ናንት
3817,ሽማግሌ
3818,ትህትና
3819,ኩራተኛ
3820,ጸጋ
3821,ጴጥሮስ
3822,አጠቃላይ
3823,ወለጋ
3824,መንጋጋ
3825,መላ
3826,አማራ
3827,ድርጅት
3828,ሀላፊ
3829,ትክክለኛ
3830,ተስፋ
3831,ዜና
3832,ኦሮሚያ
3833,ክልል
3834,ቦረና
3835,ዞን
3836,ድር
3837,ወረዳ
3838,ዛሬ
3839,እለት
3840,ገበያ
3841,ሰው
3842,ህዝብ
3843,ማመላለሻ
3844,መኪና
3845,ሰባት
3846,ሰው
3847,ህይወት
3848,መኪና
3849,አደጋ
3850,ዜጋ
3851,ህይወት
3852,ደሳለኝ
3853,ራህመቶ
3854,መሬት
3855,መሬት
3856,ምግብ
3857,ዋስትና
3858,ኢትዮጵያ
3859,ርእስ
3860,ፎረም
3861,ህዝባዊ
3862,ውይይት
3863,መድረክ
3864,ኢትዮጵያ
3865,ፈጠራ
3866,ባለሙያ
3867,ማህበር
3868,ህጋዊ
3869,ማህበር
3870,ታህሳስ
3871,ሲቪል
3872,ማህበር
3873,ሀገር
3874,ደረጃ
3875,ፈጠራ
3876,ዘርፍ
3877,እውቅ
3878,ውነተኛ
3879,ሀይማኖተኛ
3880,ዛር
3881,ብልጽግና
3882,ፓርቲ
3883,መብት
3884,ቢስ
3885,ወለጋ
3886,ሰላም
3887,ሰላም
3888,ወለጋ
3889,ሰአት
3890,ትምህርት
3891,ፍቅር
3892,ዘመናዊ
3893,ካቶሊክ
3894,ጳጳስ
3895,አሜሪካ
3896,አለም
3897,ፊት
3898,እምነት
3899,ተቋም
3900,ጥቃት
3901,ውይይት
3902,ሀገር
3903,ኩባንያ
3904,ብር
3905,ደስተኛ
3906,አሁን
3907,ውድ
3908,ተጠቃሚ
3909,ዋጋ
3910,እኔ
3911,ዜጋ
3912,ድጋሚ
3913,ሞጣ
3914,መስጊድ
3915,ቃጠሎ
3916,ሙስሊም
3917,ንብረት
3918,ሙስሊም
3919,ህብረተሰብ
3920,ዛሬ
3921,ቤተክርስቲያን
3922,ቃጠሎ
3923,መንግስታዊ
3924,አሁን
3925,መሰል
3926,ቅጥ
3927,ግለሰብ
3928,ታሪክ
3929,ምሳሌ
3930,ልብስ
3931,ጫማ
3932,ብር
3933,ስንት
3934,ወለጋ
3935,ምእራብ
3936,ኦሮሚያ
3937,መንፈስ
3938,ፈጣሪ
3939,ሰላም
3940,ምሳሌ
3941,ትእቢት
3942,ውርደት
3943,ጥበብ
3944,ተንኮል
3945,ልብ
3946,ጥቁር
3947,ልብ
3948,አማራ
3949,ሙስሊም
3950,አማራ
3951,ቅጥል
3952,ሊያ
3953,ነፍጠኛ
3954,ፊት
3955,እጅ
3956,ጌታ
3957,አንተ
3958,እብደት
3959,ምላሽ
3960,መንግስት
3961,እጅ
3962,ጭራሽ
3963,ቅጥል
3964,ሙስሊም
